date,special,prize1,prize2_1,prize2_2,prize3_1,prize3_2,prize3_3,prize3_4,prize3_5,prize3_6,prize4_1,prize4_2,prize4_3,prize4_4,prize5_1,prize5_2,prize5_3,prize5_4,prize5_5,prize5_6,prize6_1,prize6_2,prize6_3,prize7_1,prize7_2,prize7_3,prize7_4
2024-03-16,5667,42692,26834,13884,41197,48183,30209,40650,38977,31619,6327,7526,8813,8004,83,3362,9225,6115,7179,7774,970,842,546,49,58,26,20
2024-03-17,39399,50264,5861,93264,27209,38005,89679,63829,34307,28483,4711,8630,7059,6601,8554,583,657,3523,3494,1252,639,625,190,2,50,20,30
2024-03-18,78723,5913,42978,47997,12779,25923,66649,28808,79008,51224,4813,1627,6276,4906,6495,7729,2690,7389,9423,1047,902,463,762,82,29,25,53
2024-03-19,15636,19173,85681,79930,13044,44402,18216,83995,78186,87187,6448,8599,4783,1398,6959,9932,2256,7373,4400,6765,996,855,572,33,44,22,51
2024-03-20,35144,48573,21404,25165,28375,9425,17538,21595,56954,36845,2361,7750,2414,2861,8305,7081,7715,2463,729,3143,271,623,926,87,23,54,37
2024-03-21,81866,15018,97738,52425,46984,39393,23620,45649,7779,32333,6001,7698,5879,5739,2820,426,8268,4363,6007,2889,843,426,191,87,13,52,56
2024-03-22,95371,7286,23998,54295,30927,81184,68459,29360,97671,18598,3721,6102,6363,6756,7582,1471,1256,7423,3322,6997,840,527,579,21,91,3,69
2024-03-23,59882,35161,80009,90230,27850,78279,76809,32621,30855,65708,4114,7900,301,473,6540,7127,8212,9532,2160,6720,460,122,532,85,51,42,16
2024-03-24,88274,6693,53350,57784,4071,89897,75341,98348,75312,33461,9003,5952,115,9805,3069,2189,5874,3454,1490,7942,935,713,633,29,9,32,39
2024-03-25,16342,75754,28913,37346,86642,45535,81914,94696,52321,96022,8692,8838,9702,1399,7019,7237,7661,9492,5860,770,425,940,549,39,42,11,77
2024-03-26,59619,57086,96937,20940,23515,63359,89273,67580,12104,65171,6781,8492,2432,942,4059,1308,7139,7578,4915,1820,728,921,919,82,17,99,7
2024-03-27,20645,21356,10211,33955,57214,47997,59028,91075,81886,34229,7518,6879,1586,7174,4802,1007,6479,7659,8416,7869,187,87,674,84,38,18,25
2024-03-28,49879,61196,55813,26560,66628,39458,53044,66883,94985,4961,689,1252,7970,1626,4095,9503,8586,7026,3491,4985,800,15,450,7,82,98,90
2024-03-29,37869,1431,7900,66341,81079,95627,76989,10547,37486,34353,4618,5541,1854,752,4990,2029,5211,9779,7249,7896,717,867,363,5,67,87,62
2024-03-30,62135,21141,45857,86656,70417,47299,17041,28867,87844,3831,7920,9023,7131,8460,3372,5765,633,8326,3811,4220,752,57,840,96,94,29,9
2024-03-31,36909,46217,56679,32203,29726,90557,54987,59727,68447,57932,5581,4902,3035,7503,2059,7871,4346,991,7274,7688,183,311,228,69,90,28,81
2024-04-01,19052,64293,66910,37980,3154,5297,37583,24357,50612,56159,1490,6212,7679,2105,4438,2763,4042,1066,7302,1099,559,345,633,9,93,6,38
2024-04-02,62909,9387,23902,6705,5649,11928,85591,77857,24772,73380,1057,4955,1981,8866,8906,2314,248,6777,3183,8562,262,654,29,65,86,54,35
2024-04-03,67364,5538,43309,50971,42539,81311,58310,75139,27406,83349,1179,2067,4473,517,3595,881,7332,8196,3209,2509,732,624,838,93,94,15,22
2024-04-04,69389,34052,48091,95190,28642,87265,12540,99128,22291,24399,6903,4457,3278,6776,4578,6228,5858,611,4540,7296,788,31,386,1,42,65,89
2024-04-05,72666,96992,52918,21197,21034,45765,73219,29010,2370,6089,372,6291,4099,369,7007,315,6233,7010,2611,6123,270,306,325,5,13,49,19
2024-04-06,312,44708,88283,64571,91798,21146,5250,9523,92549,73943,1449,2399,7871,7371,5848,3389,9405,8301,7420,2661,142,732,198,21,59,95,3
2024-04-07,93374,18300,59549,37037,74266,7569,23624,78397,6513,35761,1734,8632,757,2118,7324,2369,6427,8196,1825,4339,185,275,44,65,17,72,50
2024-04-08,30147,37755,61413,89550,20904,51761,51163,31983,91022,78447,5498,3294,6720,2059,4679,615,6473,3807,2132,360,567,190,316,15,61,5,32
2024-04-09,16510,57524,46210,99866,59326,97595,41257,2724,969,52074,760,1668,3313,3684,6299,7898,4768,6210,3355,4816,717,130,568,69,62,27,41
2024-04-10,14138,62724,54157,96213,14362,89770,55669,50544,4462,48939,4062,5079,6608,7155,7402,1236,4922,4421,2178,9253,552,247,722,12,45,75,97
2024-04-11,69356,22552,35140,15293,35010,28133,33342,65578,74436,57981,4851,2761,8993,3587,6909,2693,2363,1750,3328,7628,753,388,635,73,80,42,86
2024-04-12,12073,92837,28622,2259,53010,14391,79427,13247,76972,60599,6594,5821,6858,2983,993,5483,8027,6916,5213,4770,850,36,185,27,83,16,80
2024-04-13,90649,71212,55720,56680,64761,94392,9089,57015,6920,83467,1452,5230,5083,2320,4090,8241,310,6378,1575,3896,756,690,503,58,28,35,64
2024-04-14,71396,20801,73470,83615,59318,54657,90221,19494,20418,77848,2581,6371,8850,1300,309,2342,1961,6616,5569,5870,496,635,489,52,22,89,90
2024-04-15,99369,13829,59861,27481,65303,77704,89049,50013,34525,33222,3926,546,2651,3393,937,3884,1948,1679,9105,2079,334,673,600,54,33,98,29
2024-04-16,96850,66671,51310,74053,36642,19172,58381,14433,62816,92024,4787,8217,7761,665,8452,869,3282,710,4804,7663,366,886,216,12,51,91,18
2024-04-17,90289,19874,24789,50177,84160,84250,66154,14306,3341,85969,3241,9829,9103,6240,5674,7671,218,3300,5133,6434,317,228,892,47,40,90,27
2024-04-18,62904,16351,92109,84405,50215,82326,54744,81157,60946,93661,7880,3573,916,9336,9443,9241,5284,9798,4277,7296,591,346,154,69,52,95,37
2024-04-19,26592,38838,43774,91819,8758,63771,15724,91314,86959,47543,1370,7010,5792,5856,9957,5245,8757,2019,4132,6316,222,106,949,71,26,85,23
2024-04-20,29379,29822,24933,27395,63254,65829,39579,26917,20063,91422,9186,1763,9385,1320,5451,3289,892,4290,1448,7357,899,689,390,5,60,99,33
2024-04-21,19980,85986,47577,69280,98092,25825,81059,57932,33830,71715,5543,1384,6975,5836,2326,4322,703,7162,4509,470,191,392,571,11,59,91,39
2024-04-22,15525,29914,83400,68369,96522,74106,84523,66484,76563,65685,7662,3493,5151,9395,6856,6643,1321,4108,2153,6831,369,495,636,82,93,79,37
2024-04-23,12681,26928,84568,79326,60597,77441,98277,62191,30322,97918,5890,9394,6338,8901,4916,9771,1007,2806,5292,8652,815,466,192,33,16,8,17
2024-04-24,69952,12165,74557,28269,17544,31458,29961,71554,18326,20760,6441,9828,9610,1054,3082,9422,4364,8493,2653,5224,382,567,101,82,60,50,47
2024-04-25,36594,90713,48830,35403,24376,63350,49922,46764,82390,56362,777,9136,6698,2988,7581,7323,4178,9700,7530,1657,95,465,777,8,62,71,60
2024-04-26,57620,82135,88910,47085,31718,65482,84174,34977,84592,37002,6912,2359,7064,9067,230,3557,4878,4292,3179,3749,551,477,460,19,93,77,37
2024-04-27,25842,31827,51849,73421,8418,64960,34316,24391,16970,95866,9943,8648,2356,6102,1611,8897,8947,2599,7671,9757,380,430,919,93,89,25,35
2024-04-28,37696,21957,22046,36692,64560,66075,18325,29166,9527,99349,8645,6772,3361,2640,4773,5555,6771,6035,9625,1386,601,374,875,79,73,2,95
2024-04-29,15877,86391,81274,81676,90575,32048,64302,41745,95540,13428,1937,2689,1242,1612,8518,804,5532,3564,2859,5321,460,330,803,8,61,3,82
2024-04-30,44624,5886,75181,44812,9211,39887,51882,98592,13100,35623,3810,5366,3352,3783,9442,7335,4865,8702,9454,153,64,111,819,47,59,54,28
2024-05-01,72031,10292,46130,26589,90676,42039,96046,5589,71405,98943,7618,6107,6935,4766,2832,7333,5398,2863,9727,6282,476,452,577,95,61,60,97
2024-05-02,27567,98924,51863,96125,32394,64549,84234,20036,87618,89421,7865,6190,9540,9899,1929,1291,3732,4499,501,23,237,365,872,39,63,74,20
2024-05-03,64857,31913,20095,44000,92069,67021,52931,48277,11046,89999,1085,3878,8682,2686,5611,78,5218,2300,4982,1733,245,377,183,57,98,89,43
2024-05-04,90869,86258,96303,1790,13869,54572,71317,12810,47525,3020,761,4562,7833,419,6674,2830,5075,6867,477,9992,950,395,845,12,28,32,55
2024-05-05,80183,7373,48867,30896,17520,86768,30554,76145,87183,83127,7227,6852,1236,9205,5395,1882,5795,5573,3815,478,889,493,30,67,22,52,63
2024-05-06,87661,22441,18944,47884,62669,61032,64782,29258,675,55196,6456,6301,711,9193,5000,1334,5056,5124,3581,8603,322,497,371,45,32,98,67
2024-05-07,12317,81118,75679,55486,53640,11641,98550,51697,35757,58353,4876,8039,6393,9366,1073,9098,6376,6149,3473,458,4,560,330,28,17,1,22
2024-05-08,56095,97809,58525,99356,37066,79058,17319,80729,82947,25743,3094,2057,5210,6852,3379,9322,9426,1998,7384,9935,963,856,373,7,22,24,10
2024-05-09,60325,15349,32360,62341,75210,62356,51398,75745,57573,85987,1468,8155,2344,3177,4101,1314,6459,5476,3361,9112,358,53,489,34,30,62,71
2024-05-10,78736,18262,50955,32467,23671,36298,5252,86570,16030,92419,9864,2396,4270,9528,3814,6159,4915,6569,5975,3971,157,788,615,61,25,40,81
2024-05-11,98076,10832,34069,56100,99345,21382,23746,71599,25382,85169,930,1587,9302,2080,506,4079,4286,6281,9650,6402,526,321,995,64,52,0,77
2024-05-12,54105,6147,74859,97508,73957,99482,89320,24590,26706,66538,7963,9465,76,7088,5862,9352,691,2480,1519,4340,751,430,989,75,33,21,97
2024-05-13,84396,64440,12844,84462,39690,88306,54902,80590,37165,66935,3100,7913,8862,4260,8127,9549,6572,7683,7337,1419,7,667,359,63,62,20,26
2024-05-14,16880,28703,39525,63916,15096,8691,26638,16518,93526,28481,8610,7148,858,1031,1597,2914,5213,4645,6661,9199,934,848,328,66,63,45,65
2024-05-15,6926,62025,1409,55964,6652,8021,58498,38040,60194,51612,9231,5633,3688,2553,1388,2016,7652,8917,9212,7390,336,470,610,89,29,30,72
2024-05-16,61034,71290,62348,50106,88442,20468,98125,52900,60651,31992,2338,9068,9944,8906,2052,1282,6872,1395,3593,8574,165,824,844,30,92,9,25
2024-05-17,51468,36545,25740,88471,71270,59190,24080,2738,14554,91467,1610,7280,1449,3711,1990,2823,4099,1531,662,6554,811,467,195,45,41,62,32
2024-05-18,91322,34422,54587,91207,65370,28969,87605,86304,25261,47953,8722,3565,3622,9776,9794,6034,3664,4804,5847,1109,439,382,725,17,18,19,80
2024-05-19,14478,8543,83125,92133,92796,76639,97895,59002,3268,78862,77,1962,4824,8339,9892,6035,5510,5769,1348,4280,198,786,996,68,85,5,96
2024-05-20,5966,60275,72725,90891,56652,91186,16367,64845,9049,6322,220,6622,9353,452,9510,9372,3898,4781,9369,2390,695,561,208,24,50,89,52
2024-05-21,55200,18539,69018,79701,77775,27106,44932,69463,49358,74462,6188,9885,3428,9737,1245,1061,4589,309,8867,2047,832,502,909,79,73,50,87
2024-05-22,39397,45487,31476,40,47830,45608,32162,70312,68143,75822,668,1475,4436,5595,1774,6655,7678,7745,1426,4108,126,617,344,6,61,62,64
2024-05-23,13182,64473,58976,80232,65555,53210,45207,14837,11304,47605,1946,6656,2147,6690,2484,5860,7889,6268,2267,8394,272,701,862,51,87,41,60
2024-05-24,70098,97488,81877,42410,78164,41219,93046,13510,18781,3112,1380,5811,1579,9803,4821,3430,6260,1609,5871,9504,65,714,870,82,60,2,22
2024-05-25,9743,80957,58795,38612,30165,99475,59693,26647,80994,67715,7348,3723,9468,7032,1192,3750,3229,4263,1412,7585,192,342,319,43,55,10,23
2024-05-26,53398,12478,14385,6275,50369,7115,73615,52752,37780,90972,1340,3208,3152,1799,5570,7834,5867,5173,2969,1012,288,878,459,61,92,8,33
2024-05-27,72578,3162,29946,49185,10694,39375,83675,96521,94508,49856,5521,7559,698,8712,1793,4900,1219,2541,475,3049,322,63,620,40,7,32,52
2024-05-28,47490,72043,9830,29003,30879,15157,62025,16755,23357,5880,8291,6953,9981,1132,811,341,2380,4935,4914,8694,232,937,880,63,29,75,12
2024-05-29,60031,50514,9514,54630,36198,3676,41622,63989,83565,13439,8127,7042,3981,9883,4909,7503,1143,5354,5950,6000,666,96,210,7,20,52,49
2024-05-30,98932,74989,63943,68861,14371,59962,35608,24625,99816,3229,5752,1244,3526,3796,9831,9248,3552,9192,2768,1230,512,138,128,12,84,68,32
2024-05-31,6102,1933,5985,82337,66092,9778,31470,86344,51339,93810,6817,115,8527,9928,8786,2182,3849,8794,2860,3424,109,70,92,35,72,90,4
2024-06-01,12612,12229,52445,78001,35540,84186,27880,36730,86783,11313,4189,8855,7970,2800,8482,7801,1359,6659,5441,4180,19,239,877,70,49,68,19
2024-06-02,27070,2994,36292,52317,7937,14608,10458,6213,58868,17285,6972,5496,2027,66,9438,1307,9291,6736,777,712,0,718,703,99,90,48,11
2024-06-03,35024,46369,76603,27648,55510,32786,54609,39479,29714,6833,7020,8676,3089,5912,9288,277,3980,8641,4689,7198,225,813,825,78,48,45,15
2024-06-04,86127,95915,86841,37274,10829,19458,85562,7521,85701,70057,1080,3809,6267,5179,5260,6110,9746,1518,6504,4996,942,278,257,15,82,18,55
2024-06-05,97856,25539,65648,89467,65378,77106,8335,31708,65245,27153,4181,6295,4516,3382,5830,821,8066,4292,3189,3421,31,966,620,68,29,44,32
2024-06-06,66688,12104,71206,88217,42266,44663,12063,2816,5016,55725,4250,4823,6110,8859,4556,5041,7581,7507,4539,8341,320,47,190,28,7,14,10
2024-06-07,4651,66342,3912,51761,53484,76450,6690,80944,64525,99819,3903,9166,9459,7593,3043,440,4161,7333,9126,8586,47,611,685,32,96,57,1
2024-06-08,63333,6115,3604,47710,20814,12887,90480,76129,5409,67246,8973,2636,4015,3549,2605,8619,1376,6464,7730,5679,140,887,883,24,89,58,66
2024-06-09,29226,12081,4978,89159,75765,8766,58006,28080,9244,62832,7153,6944,3278,3322,120,9418,9965,9898,9701,1674,166,197,692,22,53,84,19
2024-06-10,44465,74590,42780,45659,29196,34304,14475,53724,61637,14983,2658,7187,9374,8323,6582,9,4547,5429,5950,984,646,461,869,33,6,76,92
2024-06-11,17409,34794,2491,77554,5150,77600,92021,42931,73344,40793,6405,9973,3742,9996,2522,7755,3264,2637,9215,7973,460,970,823,7,53,52,14
2024-06-12,86255,11249,87129,59903,95365,98371,70344,83998,20757,20659,2837,7870,1969,4974,1254,9846,925,356,8262,2283,675,532,661,54,64,15,84
2024-06-13,29826,13498,63321,15802,27738,56163,93997,37190,12592,30960,7699,2850,6191,4221,718,9433,5262,1981,5778,943,179,216,75,98,35,48,2
2024-06-14,80287,34741,16604,76482,80163,33022,10306,28950,52944,14753,8777,545,3401,4633,2108,141,8279,6228,8145,6843,716,160,396,59,9,12,90
2024-06-15,40369,61635,85885,89164,82363,5118,15616,383,1112,13463,4569,1845,1353,4889,2173,478,898,7159,1769,3106,121,26,567,13,77,96,52
2024-06-16,17597,14213,82057,25910,34016,95620,66695,91089,19149,96769,6324,9371,9341,9350,2516,2437,5066,6839,9669,4629,254,366,156,70,32,96,81
2024-06-17,2,89539,65196,14242,36791,17465,17396,80834,74698,49217,1790,4909,3532,7588,8464,6230,8652,5138,853,7207,959,746,249,22,72,17,3
2024-06-18,74990,57985,77484,33052,81364,58674,12602,83695,31774,54774,166,1499,3561,9098,8561,3686,5040,9249,8868,3006,726,553,932,70,10,56,46
2024-06-19,37567,66937,25002,58693,3671,38466,76277,95589,54561,50911,5029,1256,4549,4432,4493,9241,1095,9179,4924,2507,657,14,523,55,42,78,89
2024-06-20,81439,72590,71945,14138,6355,6319,77494,79976,21958,83540,9583,1049,8833,9394,2519,9266,6072,151,4902,8572,683,444,632,17,4,40,68
2024-06-21,14296,22522,16413,77472,12845,4835,56642,3806,7785,15529,992,5547,1099,542,689,4519,8337,6728,9897,5595,389,51,276,11,52,17,61
2024-06-22,24362,36143,80759,88565,86584,84923,60925,16611,47432,94039,2964,1915,6706,171,7249,1179,3059,9636,8423,4066,803,59,596,70,87,10,1
2024-06-23,28501,82333,70755,12632,66679,45096,22032,3494,56778,44165,3608,4908,3979,2964,657,1605,8402,155,6459,6512,582,872,699,16,36,43,49
2024-06-24,50550,86177,52034,56446,52544,11561,60576,32221,80501,30750,2437,4567,4586,1462,8833,695,7341,326,4379,2475,429,580,654,34,12,75,20
2024-06-25,60082,56295,58871,42384,84336,74928,28100,89935,30350,15825,820,2356,9175,4416,3894,2168,8203,8200,97,9537,945,843,698,76,28,9,92
2024-06-26,4232,26980,29532,33792,67280,4565,83061,21327,79276,83284,923,5123,9710,6813,5810,5703,266,6712,3204,5681,111,422,211,63,83,79,24
2024-06-27,51599,63081,91970,36583,22101,19531,28466,47309,72116,36463,2523,2726,7970,3522,5389,5655,9126,6767,7107,9342,604,892,995,45,95,46,14
2024-06-28,71368,37047,84442,56225,69417,89059,36448,34054,31392,57409,9191,7866,2417,9124,8573,7683,6096,3534,6975,9627,151,127,565,4,84,18,82
2024-06-29,78049,78125,71354,56545,85530,1461,42672,62340,7705,214,9704,4925,3836,8243,823,8842,5739,5778,4241,8133,656,85,359,0,90,4,66
2024-06-30,44529,97547,44076,29381,58958,68481,51093,99106,23245,61102,9146,4482,7411,5298,3729,5174,5314,2979,6682,37,523,819,23,46,71,48,56
2024-07-01,94818,99104,66848,81867,29114,16778,90410,48586,20659,2222,4553,1012,7485,1902,7538,782,6890,7882,9282,1345,765,560,599,80,34,48,16
2024-07-02,77620,88861,54801,92539,11463,36752,40043,37731,63712,35521,6614,9843,4777,8339,5218,9736,989,8783,227,7844,994,721,669,95,74,89,7
2024-07-03,38889,19639,74829,23935,48357,14063,78216,78715,33303,96381,1394,1790,2246,2891,3366,7407,738,2832,1419,4853,616,970,897,1,3,63,53
2024-07-04,35313,32522,87802,39795,20698,79135,38543,17173,78806,52559,4027,8386,2406,1977,369,4367,4620,9320,8564,5971,208,138,426,78,36,28,89
2024-07-05,49735,38572,75146,20529,52668,94841,25676,79309,34126,5236,4465,9660,1757,8299,9724,8025,1801,150,831,9196,818,731,990,0,39,85,49
2024-07-06,30003,52054,21628,47381,82221,95329,76777,83556,62389,74592,2127,3240,7489,5748,5267,7920,7688,2529,1246,2007,884,437,996,13,8,61,51
2024-07-07,4973,13645,93758,80311,8269,95236,98299,5616,56763,84794,4486,1137,3800,678,9128,2626,814,1094,1692,1102,876,217,170,77,79,81,80
2024-07-08,40957,85011,44816,91475,68840,55189,96603,52328,78597,76511,449,2923,1956,5319,6126,1272,4973,2248,3055,9627,243,424,253,88,67,50,78
2024-07-09,9466,96676,8993,43413,29507,77142,13259,5159,48259,63945,7304,2001,8073,5968,8003,5504,2222,1252,1398,9231,955,966,994,72,78,73,48
2024-07-10,81994,86474,48793,91360,69884,98425,96213,61243,20422,8699,997,1763,2741,603,5526,1170,8547,6763,8576,4500,16,405,227,32,81,16,41
2024-07-11,91323,70916,94386,63833,66653,18383,37645,54139,56959,27652,6957,4102,1851,9729,4871,4705,5200,2632,8811,7332,352,707,121,33,65,99,87
2024-07-12,92619,11319,98199,29744,27067,11978,8680,33893,22152,71172,8758,2540,6325,1020,5737,7614,1159,3148,1769,5866,359,476,412,66,36,72,6
2024-07-13,83060,19484,61514,36996,86101,19920,67112,39937,28868,49815,2833,7276,5852,1955,1033,7782,6976,2853,8265,6672,365,270,589,35,84,82,97
2024-07-14,81707,44574,72831,5924,80549,29198,30206,65279,81970,38879,6754,7163,9094,7920,7959,6409,5695,810,4062,5469,754,323,701,20,99,33,18
2024-07-15,43030,44299,340,25339,7684,45118,22380,38063,77163,79753,4649,7841,5946,3334,6828,9681,9694,2252,3035,5230,700,124,697,67,41,66,81
2024-07-16,79496,54389,14879,99309,86301,2170,9978,47441,83209,10665,6962,797,5344,621,7766,2189,312,5850,5003,8386,359,794,639,45,12,60,22
2024-07-17,54959,56122,8873,94181,33815,2633,37770,24888,74383,61601,3300,4085,1347,9923,8985,1417,1636,5062,3791,1252,825,287,821,64,24,18,76
2024-07-18,12559,30645,80705,72880,70556,30055,15476,13776,52037,33922,4395,6731,7431,7487,1392,1973,1714,1977,669,1729,849,257,368,2,44,97,20
2024-07-19,23877,86129,43578,15885,32084,25652,61324,71720,61436,13632,924,5666,2745,9173,9598,8190,9399,3052,6707,5148,194,88,792,39,60,52,22
2024-07-20,1882,99877,69960,51715,775,91818,77152,62097,78145,22258,2336,9489,1404,9201,5165,4767,4964,9307,6772,9807,239,703,602,16,62,42,90
2024-07-21,10190,86296,33206,21,6696,79454,42036,15122,23654,78466,8027,5292,6605,9745,6881,2232,1351,6073,6580,3976,592,230,142,7,89,21,96
2024-07-22,15296,58122,60799,62033,15633,64138,8436,38621,63529,6321,6873,7712,316,8598,223,7765,6786,8202,9208,5748,423,428,102,54,11,44,13
2024-07-23,27364,85221,58789,29728,94591,25572,45486,38637,33134,77273,4241,7474,7744,3206,6520,6525,6540,6735,7199,3332,642,239,625,63,56,55,66
2024-07-24,96455,89697,36379,9332,60936,13546,50885,40173,78030,91900,2276,4811,5226,3349,8980,4510,4376,8659,5372,6414,383,263,489,80,92,66,18
2024-07-25,36097,80662,66715,42959,41016,47332,32456,4186,36199,92286,6873,7774,7866,2022,1523,3652,5902,8060,2696,5622,103,75,30,11,21,68,92
2024-07-26,16213,11867,38996,19224,3728,59868,96632,96243,8382,89155,8612,6589,9332,9787,6839,4122,3766,7299,7736,5816,726,321,774,37,66,47,70
2024-07-27,13341,86374,14079,51889,52772,29884,92816,44692,67192,80860,353,2683,5092,1219,9028,9428,3629,7390,9180,9994,647,470,668,50,22,97,96
2024-07-28,34789,17647,88016,26535,61489,23941,5751,95467,4322,72818,6838,1348,3369,8813,1565,3188,9911,7113,3902,1846,318,448,623,77,13,45,73
2024-07-29,49271,68791,39859,33215,68823,51655,47017,36432,26348,72711,1826,3957,9425,7722,8655,3814,1415,3246,6892,7606,740,823,211,19,49,59,8
2024-07-30,23394,84113,50779,35381,36704,84874,85576,57347,11130,5666,4847,2756,2890,7261,8020,1140,1296,6539,7919,8500,609,106,545,52,72,76,39
2024-07-31,52864,76707,48172,4139,84864,48114,21733,80920,24905,80492,9735,1926,669,9642,2712,9772,7606,2021,7140,7278,898,238,781,49,23,26,31
2024-08-01,98253,99523,56434,46732,4532,35135,86589,1612,13404,49646,6972,8496,7672,3166,8951,279,3596,4835,7383,2290,52,245,119,93,52,44,91
2024-08-02,52012,60255,13074,92914,18797,11554,82107,2265,94239,73087,8742,2665,288,7156,7701,7727,1973,6159,7337,4980,634,454,159,63,36,84,66
2024-08-03,60640,20450,17735,72800,47388,98016,59446,46241,99501,12197,483,1117,2541,4215,8102,850,9996,2026,3605,2468,225,27,998,49,3,55,1
2024-08-04,9486,29049,67013,68075,63007,47036,20124,84678,96314,11129,3208,8037,2037,8929,6632,1061,4412,4277,8906,6782,400,621,422,85,10,3,9
2024-08-05,82239,25739,93992,38897,89429,82825,5441,54136,6811,6423,1268,7133,7868,278,5746,6613,7850,2319,5675,8119,720,1,337,52,40,16,63
2024-08-06,482,68404,37057,35714,40117,99471,58536,51019,82419,39173,3915,6857,8559,7261,7008,3511,7369,2825,7612,3177,523,80,871,50,85,70,24
2024-08-07,26070,75119,92314,30217,84662,88767,50937,54672,28439,19830,4830,2671,948,21,6580,1962,2740,4949,1572,6887,917,817,689,8,39,7,76
2024-08-08,89282,97589,63574,84527,13604,94017,64504,71962,15940,16867,9591,7890,5500,4987,1077,9052,8257,2013,3362,1581,666,99,759,77,32,17,84
2024-08-09,92142,87433,67486,1696,80057,51681,52430,61574,67720,23797,6084,5112,7854,172,7204,552,4326,334,1214,3076,650,632,213,44,22,64,48
2024-08-10,63208,53905,4189,37098,9929,33521,20896,61390,99829,11440,3752,5634,3631,6238,1315,106,7522,562,7106,3131,772,946,549,38,92,80,91
2024-08-11,70580,85837,2039,11737,15327,23045,522,2137,6440,77143,1080,1582,5771,4009,3375,603,6390,4714,5368,8502,746,623,946,41,76,37,34
2024-08-12,79725,96344,91757,14244,45762,48313,72257,37432,58596,49965,4343,1726,5564,8173,2631,9876,1150,7119,2116,5892,852,907,667,9,8,28,75
2024-08-13,74922,34713,94828,75674,3806,43312,82294,14849,70990,4357,7372,7268,1307,8248,3704,5769,4535,1621,4408,1327,318,937,121,58,83,27,67
2024-08-14,34309,8185,16447,44337,31058,14794,94739,64622,8271,14823,5751,729,9228,2100,8169,7700,2272,8474,765,9485,909,897,592,64,80,44,22
2024-08-15,72146,89612,18043,94718,67923,97379,61644,43824,3936,84769,6749,1776,9956,482,4559,2241,5608,7139,8783,6014,796,867,539,45,83,56,89
2024-08-16,82327,87207,58978,66424,52741,48515,3307,35681,46004,6090,938,1704,1997,5256,9835,3221,3558,7606,420,9829,274,577,200,32,65,12,52
2024-08-17,4306,31074,74379,62688,17146,78210,36617,65733,34811,9093,7448,6578,3243,657,1270,5401,1633,9172,5748,8246,861,997,553,74,82,17,93
2024-08-18,54724,66680,68933,8469,80244,15151,8733,81986,18214,86248,3862,7568,9785,1780,3946,8958,6890,9414,8644,2013,288,815,296,46,45,61,76
2024-08-19,55025,2393,66349,9820,72604,56302,82322,90172,24813,30610,6221,6881,492,5583,6683,29,8625,1363,913,4603,96,277,362,67,56,64,86
2024-08-20,88443,97704,65963,67186,71709,81655,28110,35117,94738,68036,523,9019,7876,6535,2254,2337,4002,5215,99,5593,409,2,111,49,24,2,8
2024-08-21,67748,37183,51111,12749,98397,42136,82992,70946,32133,47671,5710,5194,6232,6639,2007,22,441,3592,5578,7243,762,391,212,42,70,29,45
2024-08-22,30817,17738,48311,69823,67221,95713,47609,98663,90707,92003,1081,4943,1445,3561,5588,6333,5536,4672,4594,8484,793,390,106,76,61,95,5
2024-08-23,22265,72127,83520,83018,68096,2291,84842,6968,9823,79349,4286,7286,9496,3978,1723,4818,3326,3360,9684,548,986,13,795,19,6,26,70
2024-08-24,74726,29756,4535,46371,78098,72991,76293,37100,41032,21951,6115,975,5800,5616,5813,1171,6003,5267,8673,7778,270,578,542,39,23,48,0
2024-08-25,24474,9816,99134,71107,45071,24213,39158,42692,50026,85685,436,7898,7403,710,7229,4662,3724,114,960,1297,259,290,842,54,31,80,23
2024-08-26,84826,35699,17983,65121,75387,36172,51465,61838,77905,24663,3069,281,5964,9503,8238,4682,1694,5373,5764,9331,804,432,934,95,0,83,66
2024-08-27,3880,57089,91985,71647,2431,3839,79797,83171,88936,33415,4536,3567,7384,1920,3558,410,2970,7294,888,858,563,266,406,56,34,11,82
2024-08-28,79623,19751,54735,77653,44013,86683,38810,59526,20260,22755,9504,2518,112,9152,5415,5581,7982,5072,5778,3806,479,549,845,24,43,20,54
2024-08-29,84242,65446,92910,68668,63510,30427,57362,8697,47477,9114,5115,6049,2247,8815,6148,4941,6925,4965,2013,5633,421,562,615,22,20,97,34
2024-08-30,23796,73370,86311,73841,66116,49317,4809,1254,66207,33747,9330,3893,1242,3274,8755,9665,2329,4653,7195,2976,472,14,394,63,91,38,98
2024-08-31,82114,91818,50668,75086,21516,99882,72532,5451,5307,2229,5356,1827,2315,3701,5166,421,4847,8376,7088,8059,309,593,985,49,58,9,42
2024-09-01,34925,2829,42931,43734,81561,54805,67476,9482,11250,23378,6996,9309,3756,8490,5750,669,5961,3628,8076,1662,750,339,600,30,2,1,45
2024-09-02,17798,97846,87473,74039,36462,16862,97239,82651,88472,13859,772,9373,8237,182,9478,2473,7060,8273,2592,3313,379,142,440,3,37,12,54
2024-09-03,81211,67918,42423,50422,14443,29997,57124,77261,68760,43763,7878,3847,9609,4829,2789,1215,9033,816,6942,262,332,432,401,66,46,37,69
2024-09-04,84635,26865,63468,17569,7023,40536,74960,29297,6703,52548,6598,6450,1873,400,2558,939,856,9983,8799,9607,917,771,450,87,96,97,75
2024-09-05,60899,54397,157,49552,98745,43329,60857,34798,25706,52615,7799,7602,5572,9322,5903,6975,9167,8688,6331,6572,930,593,96,74,1,57,45
2024-09-06,48942,63863,31618,87422,7878,98469,24959,43703,13497,10443,6550,2644,3963,2014,3526,4194,530,6576,8748,9075,242,719,240,57,22,63,11
2024-09-07,3764,43150,98647,91886,43043,83974,44045,87222,41536,76561,6929,8666,1875,2976,5707,8547,4644,4156,6655,7711,510,735,903,24,87,45,13
2024-09-08,5509,39709,93532,77719,81854,56819,53942,67478,8111,52236,779,334,5260,8854,1936,2222,1969,6830,4091,5358,589,55,511,33,36,87,9
2024-09-09,62651,60778,23518,71201,69756,76705,50372,35239,71770,90587,15,1854,7987,5322,809,4724,1116,4696,5109,8824,432,881,799,25,21,36,24
2024-09-10,8694,96708,3057,561,94795,119,95266,35332,68203,75377,2968,3754,21,3437,1962,4728,411,3152,6476,3749,577,649,569,69,1,11,14
2024-09-11,65697,87798,29505,68663,65177,63397,80784,41349,81790,33758,72,1942,169,3711,5733,1205,2723,8525,7788,6647,641,242,438,74,43,40,16
2024-09-12,12759,32594,78172,76635,308,7679,22087,86586,82661,90324,9763,6386,258,1675,5532,4873,9528,1753,9654,4449,519,359,467,26,99,54,53
2024-09-13,50628,85767,57586,11987,95603,19411,45336,73244,69557,16197,5502,7039,3385,5126,3335,9175,3286,3840,9330,7269,1,153,437,64,30,13,93
2024-09-14,4332,91586,45444,10769,31025,98443,47625,40009,16067,1918,9578,3169,9542,5129,653,1642,2195,1354,8358,4285,256,736,422,22,92,78,73
2024-09-15,90238,27464,66687,48127,16485,31724,48690,88619,68643,84604,9138,5990,9399,8971,8119,6619,8731,5678,3868,9099,569,898,681,73,39,59,89
2024-09-16,65799,4320,59502,3520,71943,60475,39170,75180,53423,5065,3240,4395,5255,6301,8969,6495,5660,3789,8219,3545,815,321,26,54,52,76,94
2024-09-17,50435,38764,6665,27166,84894,81981,77679,26363,70406,87270,7593,7053,778,5751,4541,7365,936,175,7395,6966,329,87,797,13,57,27,80
2024-09-18,61497,96473,48543,90413,43480,45251,81686,35594,46548,13941,6104,3098,6263,1986,5297,6824,9862,3257,1710,7548,978,420,518,0,14,1,9
2024-09-19,58298,26309,41875,67285,26890,81347,6424,72887,95843,34303,9525,6458,2954,692,9105,7006,7298,1842,9632,2761,935,538,513,99,89,26,55
2024-09-20,63557,25777,72981,80795,89944,17055,30531,93369,44314,99498,6959,953,9021,3290,2568,7125,9710,1697,3072,3869,107,335,325,37,77,74,11
2024-09-21,57917,98254,33694,55929,44915,26324,56136,92598,61046,20836,8521,6523,7759,9392,1089,339,8144,2644,5691,8787,970,35,955,49,70,14,44
2024-09-22,45889,86619,6250,77086,36643,86341,69553,50747,29373,31524,3167,5314,4915,7631,9846,7600,5068,7879,8492,658,608,11,488,83,40,96,61
2024-09-23,65018,79495,64889,55576,42166,3785,43928,88426,60655,70589,311,4850,9485,3168,4687,2432,1469,6548,5452,4385,813,990,690,28,71,16,11
2024-09-24,84645,57287,68690,92015,73606,40518,15012,68133,56695,29434,1484,9407,4949,4905,9301,4343,4422,8008,4897,2311,686,931,868,86,32,66,27
2024-09-25,77286,14836,73547,21384,72441,70335,22188,33347,38790,75207,710,2469,4213,3060,1958,3330,7700,9836,3488,1943,189,338,969,90,0,4,28
2024-09-26,3027,69240,55922,78012,86841,18549,2718,60134,22584,77885,3776,5054,71,8196,1848,9746,9560,6298,6133,7626,359,218,805,22,54,69,4
2024-09-27,16218,3241,50580,9244,40661,17311,8950,47410,61922,87851,6776,4016,8403,8259,7252,3514,9905,6089,1572,1974,827,17,927,85,93,16,64
2024-09-28,59119,33419,13876,32777,50123,95246,72226,73272,25514,14916,2311,7774,1101,7325,819,5915,7008,2575,2698,1094,34,938,791,59,38,81,77
2024-09-29,76086,5076,86459,72177,2516,92166,41540,13840,30112,37013,1435,4391,3249,8117,4539,9727,5882,6093,3496,2522,237,862,310,67,22,86,29
2024-09-30,18840,19728,94210,5607,11827,8684,63074,69265,87729,8582,3611,5953,4742,9393,2473,4623,811,7726,474,767,892,110,105,85,49,7,2
2024-10-01,94079,60866,11852,82820,14766,25837,16472,76960,47785,77279,9263,2351,4460,8049,2612,9736,4758,2426,537,3993,517,864,909,43,13,29,56
2024-10-02,31163,27599,12555,4962,33250,70686,46583,5980,84665,51873,7973,8522,4724,3737,7202,3604,2215,3835,5738,1883,853,507,756,36,49,2,84
2024-10-03,41294,56950,46427,6633,33461,66602,13136,56147,84573,58216,761,532,7710,8223,9368,6517,6796,2756,4568,8382,772,23,788,67,1,8,58
2024-10-04,3304,1380,72277,57705,84946,99782,93850,9424,44427,38045,9311,2517,8454,4308,6510,18,3050,7726,9427,1843,312,266,258,21,66,45,18
2024-10-05,33083,50480,95972,27781,91244,57430,85087,73450,2403,786,24,6626,3981,1707,6040,2317,7815,5371,8575,5830,915,316,700,6,52,34,80
2024-10-06,82858,76634,15519,77628,55974,58175,21350,3291,96547,49363,9890,6709,3962,7635,6652,2944,2624,9132,3732,8672,320,970,573,97,93,10,81
2024-10-07,43249,33204,74258,81691,37767,53925,88874,91875,1985,56169,1573,5590,3080,8738,3616,4672,8145,3087,3465,380,838,208,113,42,47,88,70
2024-10-08,87980,17674,73981,17535,21591,78195,20039,82194,36031,17341,9457,3763,7971,541,999,7220,9314,1724,8476,4171,368,396,581,45,2,74,19
2024-10-09,47219,69679,95030,84929,18233,80225,53054,80759,54691,68295,4416,6045,1259,553,8833,9143,5498,1218,2031,5830,683,921,485,42,8,24,76
2024-10-10,23951,71745,88344,10252,28278,83473,24269,4069,36,71669,3488,3763,3952,4432,4655,7003,1655,9339,7111,2865,597,230,433,65,77,87,17
2024-10-11,6536,92682,34869,9296,661,92345,16782,82918,46160,28313,756,9295,6235,604,5928,2500,9254,31,7556,1499,837,274,384,15,39,89,74
2024-10-12,13763,84035,56738,49482,93333,11680,86636,81357,4736,69121,200,9577,7184,4053,8435,7241,4243,9754,8697,4375,582,727,52,50,47,83,63
2024-10-13,33964,8770,20907,95447,16922,5681,64517,48786,68007,11275,2448,6900,5659,6688,7871,4939,5190,6331,4453,210,744,761,353,10,38,82,53
2024-10-14,2803,90299,60112,10794,97101,69070,96886,78765,41456,65798,4529,7984,3050,5475,1036,9125,3956,5064,9582,7689,318,226,55,42,70,50,55
2024-10-15,65179,83761,85139,84162,73816,67764,43647,87238,5097,79517,6231,8284,9269,9672,4442,8794,770,4164,9580,2289,0,698,403,5,0,33,4
2024-10-16,2255,36597,22853,34115,78015,83086,67426,59099,9697,79981,9626,5126,8038,8951,1910,8955,6468,7697,462,2261,782,433,828,45,19,78,71
2024-10-17,9109,27650,81830,84308,33023,2750,14825,32284,38103,15296,2053,636,2439,7482,9827,9871,3594,5187,754,3590,366,577,335,94,39,32,52
2024-10-18,45972,61908,51016,85524,32220,36714,26935,65768,71337,6740,3151,6102,8392,7439,16,6926,5573,1484,4134,5829,28,184,875,37,8,68,66
2024-10-19,20930,67492,7967,66953,65681,34335,53310,47101,82303,17749,2878,978,3601,6154,9643,1658,1938,9549,1880,3013,13,885,662,98,78,65,93
2024-10-20,12751,48440,65936,9157,99095,80278,95686,37879,5940,32656,8616,1505,3775,8745,264,116,3878,6069,6039,4138,982,696,316,23,95,3,27
2024-10-21,6503,22205,64915,85644,8901,34343,55865,97747,59384,32629,2009,6957,8938,3152,750,4025,4545,7726,5369,6746,960,200,5,55,83,36,27
2024-10-22,24739,90196,74585,47240,98005,82810,75522,3712,90638,24878,4299,5289,2123,8039,2966,3276,529,6553,8243,9818,390,759,731,78,1,59,92
2024-10-23,7641,87999,69755,68370,5224,25298,36522,91807,62678,57318,4790,3566,891,9595,9230,6192,3285,346,1579,2794,383,53,721,0,14,50,57
2024-10-24,30615,92137,18847,85988,30642,99496,72639,47155,27478,47399,8727,1263,9480,6164,6936,8698,3647,4003,273,4275,858,47,358,84,58,55,22
2024-10-25,34212,82932,55785,21243,95835,49480,38030,65236,46271,62205,2451,3219,5688,2123,175,4848,4134,992,2431,7953,672,16,216,2,10,20,19
2024-10-26,69297,47220,66264,68528,7026,55907,21651,54642,57264,9765,3390,5235,3510,3337,8262,1907,9913,2980,158,1226,887,620,676,20,45,2,84
2024-10-27,3819,23128,76625,73200,46031,88275,46274,98462,13224,44905,8387,4355,2365,8483,3692,3372,6245,2763,5572,4362,556,872,430,22,79,11,62
2024-10-28,90427,85521,57519,23785,21573,21340,39988,11812,35964,7336,4118,925,6005,2548,9310,2427,2052,9677,9346,1451,260,200,639,27,96,41,84
2024-10-29,70458,20681,57697,20223,11179,5372,86777,76744,73972,67419,3547,5167,1759,8386,5092,3743,4219,7447,9385,6172,848,661,910,87,52,91,73
2024-10-30,28897,29263,39429,26528,35672,89981,99642,71216,55778,58740,7706,8092,9244,5623,5078,8588,6956,3740,877,5168,241,166,754,49,63,19,1
2024-10-31,27865,98156,52022,60616,68053,47375,90254,45618,35731,38132,6813,7863,1566,918,9398,5916,532,8073,1835,2546,753,38,224,0,23,91,37
2024-11-01,37693,72666,73194,61497,53039,5803,86809,13325,48643,81459,779,4854,4822,7353,526,7488,4189,8197,7509,34,254,124,587,75,18,30,25
2024-11-02,19777,94918,52358,9693,16958,79234,92114,64913,45804,54043,3728,6492,9292,867,1170,8964,6739,5734,5725,6322,429,846,46,81,94,48,89
2024-11-03,68475,8718,7263,81423,68305,64169,97036,68601,66752,23452,4867,9609,6618,1193,5471,8475,5557,7472,2840,6126,664,61,855,92,35,72,11
2024-11-04,29274,96086,49407,97145,21406,18565,61922,35721,45302,89815,5966,5509,98,4235,1878,4814,6281,1217,312,9401,912,122,541,68,21,5,63
2024-11-05,91426,15127,68799,41624,12085,82326,24837,50895,87301,21637,8867,6254,3887,5527,5585,6904,3748,4436,1223,6642,69,541,855,50,47,85,68
2024-11-06,53346,90049,45458,41623,77395,40462,73889,85074,32994,84222,4826,2166,2920,9884,6461,5898,5194,4301,4596,5749,79,235,880,74,94,67,45
2024-11-07,47813,11086,43820,84564,95846,89381,57202,19064,97990,85988,9209,1281,3998,8325,552,8848,1403,7183,9948,2936,889,370,312,42,47,1,33
2024-11-08,48543,43216,88291,68728,80388,85642,7787,30929,43077,97497,2398,681,8944,3103,7616,3894,6690,1399,7307,6035,396,702,132,8,46,58,76
2024-11-09,81313,71672,7928,31549,37533,42363,20264,54792,64501,12365,6284,5415,1906,6602,1806,6960,4786,4802,8842,8560,814,157,609,24,35,69,86
2024-11-10,40167,34422,33362,74573,61600,33250,49172,86482,8409,80719,335,2590,9483,1087,5292,7349,9600,6655,9606,599,76,607,782,36,99,26,65
2024-11-11,17108,36646,87682,98031,15858,24909,18319,79055,5985,52952,162,9111,3604,5610,7716,2375,4361,6420,5363,1023,798,841,906,53,59,35,29
2024-11-12,93196,91720,27396,57060,22020,52908,66855,83312,59616,58583,8415,4079,5260,1164,4759,634,5926,2666,1978,6602,809,699,248,62,79,23,70
2024-11-13,28576,7587,13676,99903,11653,38040,17098,93883,46725,33662,4512,8141,2164,7526,8713,3875,4317,8181,1803,1116,661,726,981,1,11,77,12
2024-11-14,66780,39213,65112,46159,46895,25841,94084,44601,45201,24412,1460,639,856,3028,3772,3545,9102,2572,9215,9602,486,811,326,74,78,71,59
2024-11-15,60131,13158,91303,40613,30017,16566,75778,27072,81826,35039,3894,620,6314,7306,9832,1056,6560,6174,5253,1397,12,888,114,43,8,27,14
2024-11-16,60592,73990,1369,75966,58737,7414,73568,38822,20719,58178,7336,1092,6757,182,5103,6589,9775,5986,6056,2329,211,574,877,82,14,7,47
2024-11-17,10805,5294,21848,34631,55028,8447,21282,86363,88883,46453,9053,4203,1873,2584,4566,3482,8353,6225,715,4246,543,799,995,76,0,77,41
2024-11-18,22493,67415,42265,77096,34758,83341,6221,80501,65502,37280,1175,683,1496,5072,1181,3593,3306,6882,5822,6811,600,323,361,10,35,48,1
2024-11-19,25213,61681,30324,75329,32887,69009,50020,44707,83338,35563,5598,8894,2941,7566,5170,8599,7074,2393,6512,2466,629,694,573,7,63,37,76
2024-11-20,31634,98485,47877,18544,71073,25896,63591,95520,88279,53825,5051,1354,7228,8352,5319,9573,9592,9147,7396,8444,520,976,681,57,62,93,99
2024-11-21,83457,36123,76891,18711,32405,86191,67664,20318,57915,26131,2655,5864,7832,9108,6137,6534,1508,5074,6326,9291,857,788,469,58,81,35,75
2024-11-22,11481,34689,2333,4518,34477,80186,67764,34112,89689,92452,3176,530,7010,7646,5011,4073,5581,8634,8981,9347,106,115,102,25,16,64,20
2024-11-23,18720,21042,82851,38158,82910,53857,57021,46408,55039,45099,353,9560,4628,9728,6856,8038,3607,4798,9073,4713,754,602,127,85,51,1,49
2024-11-24,92630,16012,45864,74112,86567,28295,59200,81307,94064,11005,7687,5665,2932,1891,3807,8478,2432,645,7324,8280,177,246,446,78,2,53,65
2024-11-25,74580,26464,12375,57481,514,95988,62774,90686,47254,66717,902,9493,3979,4873,4716,1027,4190,144,5207,6850,636,748,421,6,46,88,89
2024-11-26,89664,63847,51704,89733,16272,73186,33338,86937,51462,7907,2142,1586,2778,6332,4904,2179,4028,6111,7948,4184,54,788,681,4,46,35,67
2024-11-27,74465,51047,77204,52817,11717,2059,49896,13242,1602,32930,3950,8918,4425,1762,5262,7188,4939,9153,7880,1851,258,306,543,60,78,76,94
2024-11-28,85330,116,46312,54286,19444,69299,9508,66167,31947,26012,3894,2602,8270,9083,1556,2183,5099,8447,5855,4113,391,346,279,89,3,7,84
2024-11-29,30676,10079,58506,72999,47027,9028,19905,59198,9708,87772,1576,7396,7018,4138,8030,2300,5859,6866,2662,3804,422,480,345,82,30,56,90
2024-11-30,93376,6046,42955,75105,17444,75107,11181,82857,12111,25156,3216,1512,4084,6804,8926,8819,7427,5478,8671,6023,990,523,985,4,53,96,93
2024-12-01,24735,50844,55402,90127,58339,26595,50625,46931,25712,14804,4560,7943,1461,4194,7494,3723,6911,5978,609,8373,282,121,772,59,28,39,55
2024-12-02,83662,64347,15362,3313,50572,76761,16093,66704,44095,77897,2779,1967,8467,1875,7460,4284,3760,8370,8923,8861,460,290,143,89,6,5,30
2024-12-03,67746,31498,18015,49463,94675,35509,67328,56840,35270,85399,8351,9757,2570,4230,6801,6798,197,484,8093,8734,921,200,785,26,86,20,99
2024-12-04,34086,56378,47228,16867,55484,71800,37420,93477,78700,15479,6906,875,3634,786,2140,5531,5576,9138,466,9379,479,435,895,70,32,50,4
2024-12-05,82300,1356,68906,62949,56143,49131,88808,81537,2312,67297,1919,2414,2264,4469,4122,8488,8243,9771,9529,5169,836,771,53,49,95,14,34
2024-12-06,60351,59594,12859,78159,32648,75950,61831,59373,37321,89604,6634,7146,487,1252,5805,6299,484,8850,5367,2024,668,298,158,95,77,83,36
2024-12-07,44474,19969,95915,80941,36419,13676,95039,38955,73883,22581,9152,8810,8115,6349,7152,4761,5741,1313,3705,1376,177,297,891,50,85,88,22
2024-12-08,37056,94609,65258,31875,21097,50385,347,86299,15956,27231,3403,4470,8272,8707,1337,1792,9543,5525,7170,1820,142,426,845,64,90,33,97
2024-12-09,28448,24009,32996,79344,11194,61738,39525,12966,10252,89737,6987,3463,6626,1849,4267,5167,1981,9003,2569,6653,551,657,587,60,23,3,16
2024-12-10,63160,2514,95852,4598,14508,33645,17598,77745,5064,12302,8422,2567,3016,4035,9292,6293,1420,3962,3647,139,317,559,30,90,3,86,20
2024-12-11,70317,20307,78636,83276,24520,59553,29523,4023,66706,88225,958,3489,7066,3607,3151,3614,1599,4795,8462,7636,753,331,978,2,20,76,49
2024-12-12,66432,18010,79522,3844,29937,40042,24529,63112,53884,31294,1853,7761,5506,8612,5179,4820,4383,6217,1244,9190,316,612,850,20,24,98,56
2024-12-13,64368,69269,81152,35755,43583,7375,17659,74270,18075,41687,1540,1549,9248,7675,9028,451,2817,8319,5045,5711,675,324,219,22,87,85,51
2024-12-14,74078,26569,63128,77691,80803,23082,78074,22286,73218,94996,5691,3129,2136,9128,4509,2826,3105,8293,5638,7446,461,100,49,91,37,65,6
2024-12-15,48350,58910,43616,45570,5346,76419,14342,53429,64140,32918,9575,3046,7791,9266,8296,3949,5515,3500,8907,5687,478,701,440,95,84,59,91
2024-12-16,3729,36916,92851,46389,58450,13589,23835,42907,41622,28478,5625,4146,1468,4175,326,876,8964,7079,3100,8131,722,912,793,76,29,77,6
2024-12-17,37373,4362,18296,40060,23213,46497,70923,7685,44636,91896,610,415,1374,4436,4506,6545,6820,2942,237,7966,314,219,187,73,95,56,23
2024-12-18,55570,79175,75161,8782,8806,85048,48932,73882,10910,76101,3405,347,489,9362,9879,6721,5015,902,7528,2136,9,608,189,41,93,12,47
2024-12-19,25532,16517,4369,64165,39402,53743,10057,87251,56856,95355,4431,7063,9918,3509,9236,51,9816,8021,3591,5319,667,539,306,58,74,47,92
2024-12-20,92443,48844,62101,38917,87364,24247,40199,4043,4273,50990,3612,4174,8984,3920,1984,7289,3597,7834,6410,3801,68,398,224,92,69,97,27
2024-12-21,48015,78660,82701,17499,98129,53004,45690,5867,68250,7584,6196,9555,5011,3835,1804,2376,1119,2116,8272,1752,273,492,546,43,66,76,51
2024-12-22,29418,75023,54736,58005,16617,53420,18931,93663,98297,36254,4564,3206,3868,4813,5689,604,2345,49,9460,3644,45,601,910,34,98,62,63
2024-12-23,33629,72149,88008,89957,424,94283,90236,59995,68619,91450,1760,8527,5853,9913,2150,1346,2442,5855,2971,9352,419,720,376,94,97,61,90
2024-12-24,55444,34198,43856,51124,15066,93536,48053,85240,44192,18171,2211,7215,490,8530,9710,5374,2491,8974,7595,639,166,854,195,95,38,88,55
2024-12-25,36462,38738,52460,25573,40678,6640,5685,35860,61599,51608,9689,3921,2553,2536,3665,1793,7210,8147,9223,6164,749,895,355,89,86,72,82
2024-12-26,52460,96610,16753,77993,23131,92515,68153,36923,23897,28265,1473,4432,4791,4894,7914,7865,262,6342,9174,3370,765,550,377,48,55,61,22
2024-12-27,23844,89821,4048,39335,22539,96482,1197,13242,83981,55281,1361,7904,2370,6678,4470,6592,8720,349,2867,7343,43,543,396,5,90,61,32
2024-12-28,46965,46869,54251,65140,2129,23578,39222,33086,12353,22340,5323,2811,2349,766,3304,4659,5792,3103,246,3817,464,838,569,66,96,77,75
2024-12-29,18303,63450,17373,2317,62032,73898,67507,10140,34690,31376,5471,5063,5542,9692,3954,7544,8553,4129,2559,1943,348,183,209,80,30,12,16
2024-12-30,34071,85687,55202,84467,64837,67592,433,10933,84813,1310,808,8871,1096,9171,7562,8884,3508,6484,5334,6745,432,971,308,98,95,90,11
2024-12-31,35327,96315,50143,20206,7932,8988,36264,57903,44283,79535,4414,7210,7445,6147,5351,558,3252,730,7025,6593,993,346,71,61,98,60,15
2025-01-01,14462,23961,11850,58917,76213,16329,40438,65310,89607,17340,6461,8442,9696,2634,2388,2540,191,6655,8112,6270,488,364,970,25,38,10,40
2025-01-02,96404,64662,92210,99039,2542,91158,26937,2514,44417,55864,6570,2854,3591,7744,7983,8312,7627,7436,2938,8100,191,798,368,63,73,66,86
2025-01-03,75406,90452,47297,54707,83446,84616,55020,37505,37274,64521,2675,3639,7203,662,1197,5732,9750,4562,9880,4500,682,709,781,30,51,44,29
2025-01-04,42901,74233,48034,71891,34897,91612,51083,26183,65426,98991,8422,2213,8696,7427,998,6633,3330,7931,7757,3894,618,585,617,62,61,54,31
2025-01-05,21251,85420,63358,13435,48213,98853,94393,86758,67052,58519,6881,6185,8417,1916,3873,6715,6354,7518,725,6980,271,170,986,6,90,23,19
2025-01-06,62708,26920,92338,58151,55398,89663,71876,89981,27657,57431,6579,3053,1649,5825,8123,7529,1759,2983,9008,146,34,953,653,92,5,62,91
2025-01-07,91787,7070,21007,84703,79535,10529,51094,84405,26436,3694,4225,7599,3012,7402,509,7620,5015,3481,3793,8661,572,442,369,89,1,73,47
2025-01-08,18815,52979,69958,31176,63936,83814,99816,27949,20827,58184,2029,5588,2618,3450,2431,1409,137,4123,189,1089,543,713,648,87,32,69,86
2025-01-09,27229,15975,62766,94319,11114,16859,36682,39533,57045,10557,9286,2317,1025,6726,162,5427,3772,257,9194,3546,53,160,794,37,33,85,28
2025-01-10,65219,93641,83407,91579,66391,48893,25011,39708,13428,57610,5652,8156,777,6427,4317,8010,5905,9948,5434,2792,764,142,657,95,41,56,54
2025-01-11,42695,12877,87021,18340,13551,61307,79594,87441,39319,95111,5339,4385,1652,5975,8766,5646,7877,4058,9669,3639,289,716,223,68,85,90,76
2025-01-12,12352,26503,82489,60939,43648,92896,86188,82027,24900,15987,3993,3422,5662,3991,5654,9358,9702,6929,7499,3752,567,338,187,94,24,71,45
2025-01-13,35675,94675,34443,92946,28149,69910,25010,28210,14861,52627,4321,9440,2488,9050,3199,4851,1316,3995,47,6708,287,886,813,97,22,58,88
2025-01-14,58617,37021,278,31762,93528,89845,51572,86390,87337,31351,9954,3162,5342,5621,4875,7395,402,950,3050,2607,863,661,104,55,39,66,37
2025-01-15,91182,8091,35179,3315,47950,74647,29496,24866,29659,70313,7925,7766,4147,3651,9724,4799,7339,8626,8774,4808,381,515,169,50,55,18,59
2025-01-16,27233,72386,29513,45763,20319,34593,57200,93370,78494,65788,7430,9871,9189,7139,4668,6352,296,2553,5986,1668,84,928,612,17,58,51,74
2025-01-17,16256,66008,79126,99115,57375,41790,44586,23229,50136,8420,5033,8982,7706,2139,3568,7587,9150,5080,1416,7709,441,463,430,99,63,50,18
2025-01-18,64558,37922,18957,42529,60719,65123,43313,86410,31439,60614,4594,8653,6943,1927,7794,9534,9390,8273,8726,6727,344,453,590,9,58,23,88
2025-01-19,53292,63986,7718,343,96839,89209,80977,90622,77300,65137,5544,9610,4074,8831,1956,6041,6399,6463,6071,7365,678,940,898,31,14,60,68
2025-01-20,12050,36546,11172,99417,75388,87358,51987,25277,43164,37345,8975,5630,4329,4120,4829,6476,969,6570,8201,1659,519,390,832,49,79,93,16
2025-01-21,99969,30787,11308,54163,44492,79071,45381,28403,10161,61995,6154,1880,5025,4813,5148,7109,624,5293,9123,7983,983,462,802,41,0,68,59
2025-01-22,14511,59588,23250,85806,47072,74545,37881,21675,36841,51521,205,5893,5600,8871,2113,1959,5565,6103,467,6664,740,940,230,59,60,11,72
2025-01-23,76023,50662,82170,55503,41005,30746,80279,53147,85091,97540,5499,8566,6752,320,5878,751,670,4971,3080,635,323,264,467,67,86,8,56
2025-01-24,80450,48108,23910,47925,75499,16208,43857,61489,72286,51101,1345,5484,1737,7388,168,997,0,1917,5727,9195,632,668,447,2,16,22,74
2025-01-25,61607,65693,52079,94087,42038,33724,57333,53182,9702,20300,5588,7101,7707,4506,6164,591,5419,1968,5228,3500,555,313,158,19,35,46,98
2025-01-26,20446,53455,86924,60026,95003,25084,60420,83881,42031,65231,3912,5124,4661,3179,3141,3911,5842,7414,1287,9893,491,968,932,28,25,51,56
2025-01-27,31409,11776,49551,71865,10761,51341,21302,67817,98261,42768,1673,1530,6219,8779,1978,5559,591,2905,2248,1336,437,35,810,7,3,75,67
2025-02-01,5164,95269,60641,45366,84115,64741,16109,59471,44037,86894,32,1439,6065,4855,5656,2955,8623,5058,4198,7061,432,274,371,69,21,29,25
2025-02-02,61517,88797,19774,13369,85261,68971,53584,32874,20661,74212,4392,7548,3158,8194,4298,1382,1545,1024,6171,1744,325,703,938,97,52,60,41
2025-02-03,46386,27599,22742,42553,83599,53259,21305,74196,98811,95270,3159,876,8146,1694,6753,8546,9450,3573,9700,5650,318,919,57,60,97,63,79
2025-02-04,98201,87690,81899,90158,63831,38219,32101,36530,70854,62829,6780,7209,9538,7111,6916,4797,3221,9260,1665,654,266,975,683,91,44,80,56
2025-02-05,1847,64904,22185,72454,74390,3882,95375,14818,30741,87676,1133,7324,8645,7791,3697,7864,7932,5755,5356,602,614,923,186,30,86,25,96
2025-02-06,4217,35854,98168,82866,76183,23227,89405,40478,30563,7597,9576,960,6422,7228,1591,9295,7186,824,2967,3940,737,614,542,60,53,20,57
2025-02-07,70668,72071,18513,14659,22201,11766,74170,44453,97774,19867,102,9099,462,6891,7678,9905,1035,1468,4825,7224,958,914,841,48,12,64,22
2025-02-08,54528,17562,69417,1727,10557,62141,51584,27618,72213,39382,7718,9454,7062,8367,8712,1995,4763,7003,4060,8835,636,875,992,35,54,78,32
2025-02-09,64615,45929,4518,92980,27250,66054,77407,35092,43193,97358,5273,5132,7447,5319,1064,1863,8177,2759,6711,1484,670,741,929,14,42,74,25
2025-02-10,66686,60431,60942,75353,38807,82239,13001,3378,92809,29581,7608,7121,1392,6214,633,8957,3311,6232,1926,1080,967,728,790,33,20,60,32
2025-02-11,58978,88665,63874,24652,75563,6990,41549,50096,59844,2741,4329,1365,6557,3223,1054,5662,3431,6766,7796,4398,998,662,767,82,26,46,2
2025-02-12,94132,40013,44097,82562,9237,19208,85043,58817,75082,35786,9264,8248,889,8141,7458,7077,7605,7085,2920,4161,508,87,775,26,49,94,18
2025-02-13,97158,16677,23900,98532,31676,66940,88641,89468,19598,41158,1053,2737,9857,3257,2351,9995,6651,859,4476,7392,610,500,880,70,1,49,14
2025-02-14,51690,86998,94747,80525,77362,8547,76671,21537,92602,22798,8258,4994,4898,3779,6777,2689,8832,6524,956,5991,873,921,518,93,45,2,91
2025-02-15,75155,20665,14861,59563,64059,20433,92491,57777,73095,49673,2771,2542,555,7368,9935,9681,607,7914,971,6619,920,156,429,45,25,96,77
2025-02-16,25938,21726,10907,67099,24573,64009,34901,19835,81177,28129,2024,9847,5561,6356,2535,2328,1181,9547,6916,7642,736,92,533,84,10,95,16
2025-02-17,8798,4520,45962,95363,66687,24068,62122,87401,46231,75660,2242,1662,3524,9381,2087,9906,8084,9081,4,7757,719,948,891,93,19,44,71
2025-02-18,14180,72849,48029,28854,60877,8444,17077,78624,17200,68398,6904,3118,444,2961,5347,9519,6217,9938,2119,8413,617,257,235,61,37,2,51
2025-02-19,66521,14650,4939,89154,15164,64790,88284,37491,16296,39902,1994,4858,5188,555,2338,5933,4724,6046,663,3102,183,438,220,96,27,70,46
2025-02-20,69448,60965,14655,68654,62775,78292,15318,14053,2739,15643,196,6854,6812,6911,2396,3434,5547,9461,8322,8597,223,568,274,99,16,29,6
2025-02-21,18159,39067,16676,85871,59497,20396,56769,63568,79584,7619,2438,9709,3668,499,2182,9879,4847,3835,8308,464,575,450,89,96,84,47,65
2025-02-22,4104,4607,66189,2265,4875,32449,55146,95023,47149,67481,5080,7104,7867,2380,610,2954,7982,9136,7045,537,679,627,814,4,80,88,41
2025-02-23,72660,88904,93939,33741,1091,94691,36839,80758,58713,48337,3430,4479,3759,5727,4067,5770,8317,9126,5214,2158,691,537,493,94,4,36,43
2025-02-24,41066,64396,84825,27639,66992,71542,29531,65300,66618,76355,7455,2112,8808,1850,1039,9013,5847,2137,1991,9823,184,350,390,24,30,11,73
2025-02-25,95870,61433,98649,12065,21644,54136,48572,56027,69139,56142,2680,6524,7053,291,9267,5185,8306,7147,6375,8950,718,465,527,94,36,17,24
2025-02-26,45933,65435,74581,36044,88032,66141,90581,51599,24640,63862,6351,1125,1017,251,8523,840,5858,4698,7192,6080,650,677,890,95,16,91,69
2025-02-27,66228,1402,72081,40940,36147,16477,80504,90701,45942,76958,9604,5297,5766,7548,6538,4028,2986,9311,2682,6295,221,994,888,2,57,23,84
2025-02-28,41121,38258,14387,33928,10788,93378,34048,4008,54509,50951,5402,2553,6511,5848,134,5461,2799,4136,5191,7510,397,957,93,42,79,24,91
2025-03-01,83683,77268,72648,96979,99244,25583,61832,31898,4272,92845,8413,7481,8916,1294,4691,2401,2539,9327,5421,5368,917,953,61,52,94,28,25
2025-03-02,22165,90047,57379,10285,95281,32,8492,20939,83544,99946,4147,1418,2127,8249,3202,7190,6902,2675,623,3161,360,508,405,61,5,27,11
2025-03-03,84575,28908,31140,61052,40622,44137,47357,7048,34525,30787,5668,1124,2272,4432,6553,3912,9560,3947,2502,517,274,250,148,66,93,40,8
2025-03-04,86953,76787,505,48117,80681,1946,8310,56545,27742,99613,6839,5295,7491,3228,4072,7159,8741,1896,2165,9285,457,915,312,85,39,41,47
2025-03-05,70997,95181,4894,9002,91500,72647,22556,70646,82138,10053,2461,6766,5548,8159,9003,8067,7800,5255,4697,5330,858,266,948,12,98,76,63
2025-03-06,97177,18927,80393,81810,78267,73165,8109,90268,19240,67463,6326,3318,9495,5107,9427,7971,4306,92,1872,4140,963,367,588,14,50,85,46
2025-03-07,45272,84217,89868,50973,29516,65199,15932,87144,35490,42794,1561,2321,8132,2433,508,3362,1709,2880,7231,8615,523,472,518,12,38,69,16
2025-03-08,26689,2663,44250,63215,75544,64228,1352,65746,25931,81481,8425,3409,6222,727,7498,7202,7079,3920,57,6095,350,489,23,88,29,47,15
2025-03-09,59818,5279,19975,14431,63834,90195,79896,98478,24653,58070,3288,5342,5703,431,877,2339,9162,1884,8186,4841,240,832,878,23,83,77,54
2025-03-10,2761,282,40535,29443,99646,34772,97530,751,60598,96112,8985,2951,8776,3720,1655,4673,8345,5468,5239,1601,193,965,934,63,91,64,39
2025-03-11,31235,42157,56404,94492,60510,83332,77387,92525,68607,41543,6699,7359,2732,2305,7975,5788,7694,8061,244,6762,195,154,259,24,33,17,71
2025-03-12,80738,75919,32398,19173,18076,51501,33665,84534,58882,9047,8992,944,7760,3444,8699,6203,4784,9946,4267,6685,967,76,980,72,25,57,33
2025-03-13,60881,80549,86246,66179,45058,24723,28454,4939,90609,12629,7930,2796,1905,1270,5674,1233,1225,6653,8817,8716,256,902,496,15,46,88,69
2025-03-14,32069,56222,3974,68402,16121,44765,47197,66034,75267,43928,4670,4186,3688,7278,5238,7188,31,1764,9473,2058,151,999,908,44,26,45,24
2025-03-15,97404,5695,20901,29614,33004,41163,55522,84785,6810,41485,5911,9682,1161,5011,7879,1673,8599,379,5099,1649,674,62,957,60,32,13,77
